Env,Gen,Blk,YLD1
ENV1,IRRI 144,1,1693
ENV1,IR 96832-39-2-1,1,2629
ENV1,IR08M118,1,3154
ENV1,IR 110621-C1-C2-B-B-B-149-1,1,3531
ENV1,IR 75084-15-3,1,3653
ENV1,IR 65483-118-5-7-14-13-B,1,3727
ENV1,IRRI 135,2,3759
ENV1,IR10M144,1,3966
ENV1,IR10K152,1,4370
ENV1,IR 110621-C1-C2-B-B-B-12-1,1,4438
ENV1,IR03A500,1,4498
ENV1,IR 75084-15-3,2,4554
ENV1,IR12A270,1,4585
ENV1,IR09A116,2,4665
ENV1,IR 88632-37-2-3-B,2,4791
ENV1,IR 75870-8-1,1,4848
ENV1,IR13N176,1,4857
ENV1,IRRI 142,1,4872
ENV1,IR 79971-B-191-B-B,1,4972
ENV1,IR09A172,1,4997
ENV1,IR09N307,1,4997
ENV1,IR 65483-118-5-7-14-13-B,2,4997
ENV1,IR07A266,1,5024
ENV1,IR10N189,1,5057
ENV1,IRRI 148,1,5117
ENV1,IR13N220,1,5277
ENV1,IRRI 139,1,5306
ENV1,IR 79971-B-191-B-B,2,5328
ENV1,IR10N189,2,5334
ENV1,NSIC RC 160,4,5362
ENV1,IR 44,2,5427
ENV1,IR 88632-37-2-3-B,1,5435
ENV1,IRRI 105,1,5451
ENV1,IR 96890-85-2-3,1,5452
ENV1,IR09N528,1,5453
ENV1,IRRI 156,2,5479
ENV1,IR 96890-85-2-2,1,5495
ENV1,IRRI 105,1,5510
ENV1,JINMIBYEO,2,5530
ENV1,IR13A261,1,5532
ENV1,IR09N517,2,5578
ENV1,IR 82355-5-1-3,1,5601
ENV1,NSIC RC 160,3,5626
ENV1,IR04A212,2,5641
ENV1,IR 103806-532-B RGA,1,5678
ENV1,IR09N518,2,5725
ENV1,IRRI 105,2,5760
ENV1,IR 96832-39-2-2,1,5771
ENV1,IR 22,2,5773
ENV1,IRRI 156,1,5785
ENV1,IRRI 165,2,5792
ENV1,IR 32,1,5794
ENV1,IR 95881-85-2-3-2,1,5798
ENV1,NSIC RC 160,5,5806
ENV1,IR09N527,1,5823
ENV1,IR06N141,2,5828
ENV1,IRRI 148,2,5831
ENV1,IR 75870-8-1,2,5837
ENV1,IR BB 62,1,5838
ENV1,IR 65,1,5846
ENV1,IRRI 168,5,5872
ENV1,IR 56,1,5884
ENV1,IR10N137,1,5895
ENV1,IR04N114,1,5913
ENV1,IR 110626-B-B-B-3-1,1,5930
ENV1,IR09N512,1,5949
ENV1,NSIC RC 160,1,5953
ENV1,IRRI 127,1,5954
ENV1,IR13A101,1,5955
ENV1,IRRI 156,1,5996
ENV1,IR13N205,1,6000
ENV1,IR13A396,1,6005
ENV1,IR13N135,1,6012
ENV1,IR09N519,1,6013
ENV1,IRBB 21,2,6046
ENV1,IRRI 161,1,6063
ENV1,IR10N121,1,6079
ENV1,IR09N144,1,6090
ENV1,IRRI 134,2,6096
ENV1,IR03A290,2,6115
ENV1,IRRI 134,1,6121
ENV1,IR 96890-85-2-1,1,6132
ENV1,IRRI 124,1,6142
ENV1,IR04A381,2,6153
ENV1,IR13A329,1,6154
ENV1,IR10K152,2,6158
ENV1,FEDEARROZ 50,2,6161
ENV1,IR10N288,1,6167
ENV1,IR13A429,1,6172
ENV1,IR 95495-36-1-3-2,1,6172
ENV1,IR 93339:29-B-7-7-B-B-B-3,1,6196
ENV1,IR08N128,1,6207
ENV1,IRRI 133,2,6212
ENV1,IR 93339:39-B-6-5-B-B-B-13,1,6225
ENV1,IR13A394,1,6230
ENV1,IRRI 156,2,6230
ENV1,IR09N535,1,6230
ENV1,NSIC RC 160,2,6251
ENV1,IR04N114,2,6266
ENV1,IR09N502,1,6270
ENV1,IRRI 154,5,6283
ENV1,IRRI 161,2,6318
ENV1,IR10M103,1,6326
ENV1,IRRI 154,2,6336
ENV1,IRRI 154,4,6340
ENV1,IR09N515,1,6341
ENV1,IR13A124,1,6347
ENV1,IR02A477,1,6358
ENV1,IRRI 123,1,6362
ENV1,IR 22,1,6373
ENV1,IRRI 145,1,6375
ENV1,JINMIBYEO,1,6418
ENV1,IR10N120,1,6423
ENV1,IR 110622-B-B-B-1-1,1,6427
ENV1,FEDEARROZ 50,1,6437
ENV1,IR 103806:52-B RGA,2,6447
ENV1,IRRI 128,2,6463
ENV1,IR10N115,1,6466
ENV1,IR 110621-C1-C2-B-B-B-23-2,1,6466
ENV1,IR10N188,1,6474
ENV1,IR 96842-58-2-2,1,6474
ENV1,IRRI 154,1,6479
ENV1,IR07N187,1,6490
ENV1,IR06A152,1,6493
ENV1,IR13A485,1,6502
ENV1,IR09N517,1,6503
ENV1,IRRI 124,2,6517
ENV1,SANHUANGZHAN NO 2,2,6535
ENV1,IR 110621-C1-C2-B-B-B-148-1,1,6535
ENV1,IR 96830-34-2-3,1,6542
ENV1,IRRI 163,2,6552
ENV1,IR09N520,1,6569
ENV1,IRRI 133,1,6573
ENV1,IR 62,1,6580
ENV1,IR10N251,2,6594
ENV1,IR 40,1,6598
ENV1,IR 79971-B-227-B-B,1,6602
ENV1,IRRI 157,2,6605
ENV1,IR09N509,1,6608
ENV1,IR 32,2,6615
ENV1,PSB RC 18-SUB1,1,6617
ENV1,IR13A258,1,6624
ENV1,IR09N221,1,6639
ENV1,IR13A200,1,6640
ENV1,IRRI 106,2,6649
ENV1,IR 65482-4-136,1,6660
ENV1,IRRI 165,1,6661
ENV1,IR 66,2,6661
ENV1,IR BB 66,2,6661
ENV1,IR09N506,2,6662
ENV1,IRRI 154,2,6666
ENV1,IRRI 165,1,6668
ENV1,IRRI 145,2,6669
ENV1,IR13A525,1,6680
ENV1,IR 93339:49-B-10-14-B-B-B-25,1,6681
ENV1,IR09N543,2,6685
ENV1,IR BB 62,2,6687
ENV1,IRRI 123,2,6690
ENV1,IR10A143,1,6699
ENV1,IR07A234,2,6703
ENV1,IRRI 168,6,6724
ENV1,IR 72,1,6729
ENV1,IRRI 154,3,6735
ENV1,IR09N543,1,6737
ENV1,PSB RC 18-SUB1,2,6744
ENV1,IR09A120,1,6748
ENV1,IR09N199,1,6755
ENV1,IR 60,2,6756
ENV1,IRRI 158,1,6756
ENV1,IR09A144,1,6757
ENV1,IRRI 168,3,6757
ENV1,IR10N216,1,6762
ENV1,IRRI 152,2,6765
ENV1,IRRI 139,2,6774
ENV1,IRRI 138,1,6781
ENV1,IR00W102,2,6793
ENV1,IRRI 157,1,6797
ENV1,IRRI 123,1,6804
ENV1,IRRI 167,2,6807
ENV1,IR08A128,2,6808
ENV1,IR 77674-3B-63-3-3-7-3,2,6808
ENV1,IR07A137,1,6810
ENV1,IR13A296,1,6814
ENV1,IR13A442,1,6815
ENV1,IR08A192,2,6818
ENV1,IR 110637-B-B-2-1-2,1,6819
ENV1,IR 52,1,6825
ENV1,IR13A187,1,6826
ENV1,IR10N191,1,6829
ENV1,IR03A477,1,6830
ENV1,IR09N212,1,6834
ENV1,IR08N165,2,6837
ENV1,IR 93339:11-B-23-16-B-B-B-10,1,6837
ENV1,IRRI 150,2,6840
ENV1,IR09N465,2,6845
ENV1,IRRI 168,4,6860
ENV1,IRRI 108,2,6867
ENV1,IR13N132,1,6875
ENV1,IR12A285,1,6878
ENV1,IR10K148,1,6882
ENV1,IR BB 66,1,6883
ENV1,IRRI 154,4,6889
ENV1,IR03A500,2,6890
ENV1,IR09N251,1,6890
ENV1,IR 72,2,6895
ENV1,IR10N202,1,6896
ENV1,IR 93336:10-B-18-15-B-B-B-29,1,6899
ENV1,IRRI 150,1,6900
ENV1,IR10N252,1,6900
ENV1,IR13A122,1,6910
ENV1,IR10M145,1,6914
ENV1,IRRI 168,1,6915
ENV1,IR 93339:11-B-23-16-B-B-B-8,1,6921
ENV1,IRRI 154,6,6926
ENV1,IR10N238,1,6933
ENV1,IRRI 104,1,6935
ENV1,IR08N120,1,6938
ENV1,IR 103806:250-B RGA,1,6945
ENV1,IR09A231,1,6947
ENV1,IR13A363,1,6948
ENV1,IR04A212,1,6954
ENV1,IR 103806:98-B RGA,1,6957
ENV1,IR10N186,2,6963
ENV1,IR 52,2,6965
ENV1,IRRI 154,1,6965
ENV1,IRRI 165,3,6970
ENV1,IR10N122,1,6970
ENV1,IR12N197,1,6971
ENV1,IRRI 154,6,6985
ENV1,IR13N119,1,7001
ENV1,IR09N261,2,7012
ENV1,IR 93339:11-B-23-16-B-B-B-19,1,7017
ENV1,IR 58,1,7022
ENV1,IR08N104,1,7028
ENV1,IR 110617-C1-B-B-B-5-1,1,7029
ENV1,IRRI 125,2,7044
ENV1,IRRI 142,2,7045
ENV1,IR09N190,1,7048
ENV1,IR 103806:190-B RGA,1,7051
ENV1,IR13A248,1,7056
ENV1,IRRI 148,2,7059
ENV1,IR 93336:10-B-18-15-B-B-B-30,1,7062
ENV1,IR06N147,2,7070
ENV1,IR12N128,1,7072
ENV1,IR13N217,1,7079
ENV1,IR 110628-B-B-B-4-1,1,7086
ENV1,IR09N511,1,7090
ENV1,IR 29,1,7096
ENV1,IR13A274,1,7098
ENV1,IR09A138,1,7102
ENV1,IR 70,2,7105
ENV1,IR 65482-7-216-1-2,1,7114
ENV1,IR13A361,1,7122
ENV1,IR13A475,1,7125
ENV1,IR 110621-C1-C2-B-B-B-18-3,1,7131
ENV1,IR 60,1,7135
ENV1,IR 110627-B-B-B-3-1,1,7139
ENV1,IRRI 154,3,7142
ENV1,IR08A192,1,7142
ENV1,IR10K148,2,7152
ENV1,IR06N147,1,7155
ENV1,IR09N523,2,7164
ENV1,IR09N180,1,7168
ENV1,IR03A550,1,7169
ENV1,IR 110621-C1-C2-B-B-B-3-1,1,7170
ENV1,IR 29,2,7171
ENV1,IR09A162,1,7182
ENV1,IR 103806:56-B RGA,1,7192
ENV1,IRRI 158,2,7193
ENV1,IR13A193,1,7197
ENV1,NSIC 2011 RC 282,1,7200
ENV1,IR08N164,2,7200
ENV1,IR09N465,1,7212
ENV1,IR09N501,1,7224
ENV1,IR 93336:10-B-18-15-B-B-B-26,1,7224
ENV1,IR 95444-112-2-1-3,1,7224
ENV1,IR09N278,1,7226
ENV1,IR 102885-25-10,1,7229
ENV1,IR09N389,1,7234
ENV1,IR13A374,1,7234
ENV1,IR09N389,2,7240
ENV1,IR13A310,1,7242
ENV1,IR13A522,1,7245
ENV1,IRRI 168,3,7253
ENV1,IR13A121,1,7256
ENV1,IR09N106,1,7261
ENV1,IR10M133,1,7261
ENV1,IR08N131,1,7263
ENV1,IR 96842-58-2-3,1,7265
ENV1,SABITRI,1,7271
ENV1,IR10N286,1,7272
ENV1,IR 96843-106-1-3,1,7273
ENV1,IRRI 146,1,7274
ENV1,IRRI 168,1,7276
ENV1,IR13A402,1,7279
ENV1,IR12A245,1,7286
ENV1,IR 64,2,7293
ENV1,IRRI 103,2,7298
ENV1,IR10N231,1,7303
ENV1,IRRI 128,1,7303
ENV1,IR13A171,1,7309
ENV1,IR12A213,1,7313
ENV1,IR 103806:55-B RGA,1,7316
ENV1,IRRI 163,1,7320
ENV1,IR08N138,1,7325
ENV1,IR12A208,1,7329
ENV1,IR 96834-78-1-3,1,7336
ENV1,IR09N191,2,7346
ENV1,IR07A107,2,7347
ENV1,IR 66,1,7348
ENV1,IR04A216,1,7352
ENV1,IR04A381,1,7353
ENV1,IRRI 143,1,7356
ENV1,IRRI 102,2,7356
ENV1,IR13A137,1,7357
ENV1,IR 77674-3B-63-3-3-7-3,1,7360
ENV1,IR10N187,1,7360
ENV1,IR 93336:10-B-18-15-B-B-B-23,1,7360
ENV1,IR10M122,1,7360
ENV1,IR 103806:176-B RGA,1,7361
ENV1,IR13N186,1,7366
ENV1,IR 96830-34-2-2,1,7366
ENV1,IRRI 168,2,7368
ENV1,IR 74371-70-1-1,1,7369
ENV1,IR13A519,1,7370
ENV1,IR 102884-86,1,7379
ENV1,IR10N256,1,7381
ENV1,IR 103806:157-B RGA,1,7386
ENV1,IR09N536,1,7391
ENV1,IR 103806-520-B RGA,1,7391
ENV1,IR10N202,2,7395
ENV1,NSIC 2011 RC 282,4,7398
ENV1,IR10A122,1,7404
ENV1,IR 103806:90-B RGA,1,7406
ENV1,IR 77390-6-1,2,7407
ENV1,IR13A169,1,7408
ENV1,IR10N111,1,7408
ENV1,IRRI 127,2,7412
ENV1,IR10A131,1,7413
ENV1,IR 103806:180-B RGA,1,7419
ENV1,IR09N537,1,7421
ENV1,IR 56,2,7421
ENV1,IR 103806:3-B RGA,1,7424
ENV1,IRRI 113,2,7428
ENV1,IR10N205,2,7428
ENV1,IR13A186,1,7435
ENV1,IR13N125,1,7435
ENV1,IR 95444-112-2-1-2,1,7436
ENV1,IRRI 149,1,7443
ENV1,IR 50,2,7443
ENV1,IR13A311,1,7443
ENV1,IR 103806:307-B RGA,1,7449
ENV1,IRRI 152,1,7452
ENV1,IR 65600-81-5-3-2,2,7463
ENV1,IR 26,1,7463
ENV1,MANAW THUKHA,2,7465
ENV1,IR12N261,1,7470
ENV1,IR13A175,1,7472
ENV1,IR10N131,1,7474
ENV1,IR 103806:33-B RGA,1,7476
ENV1,IR 103806:87-B RGA,1,7483
ENV1,IRRI 109,2,7490
ENV1,IR 54,1,7497
ENV1,IR 102885-25-4,1,7501
ENV1,IR13A265,1,7504
ENV1,IR 103806:78-B RGA,1,7505
ENV1,IR 96836-87-3-2,1,7506
ENV1,IR09N497,1,7509
ENV1,IR 103806:145-B RGA,1,7509
ENV1,IR09N296,2,7510
ENV1,IR12A127,1,7514
ENV1,IR08A111,2,7516
ENV1,IR 64-SUB1,2,7519
ENV1,IR09N190,2,7523
ENV1,IR09A102,1,7524
ENV1,COLOMBIA XXI,1,7535
ENV1,IR 66946-3R-149-1-1,2,7545
ENV1,IR 65192-4B-17-3,1,7545
ENV1,IRRI 143,2,7550
ENV1,IR07A257,2,7553
ENV1,IR13A201,1,7562
ENV1,IR10A141,1,7564
ENV1,IR13A112,1,7565
ENV1,IR09A120,2,7570
ENV1,IR10M292,1,7570
ENV1,IR 93339:39-B-6-5-B-B-B-6,1,7573
ENV1,IR10N253,1,7579
ENV1,IR 93339:49-B-10-14-B-B-B-24,1,7581
ENV1,IR09N251,2,7581
ENV1,SANHUANGZHAN NO 2,1,7585
ENV1,IR 20,1,7590
ENV1,IR05N341,2,7592
ENV1,IR13A291,1,7592
ENV1,IR13N113,1,7592
ENV1,IR 103806:183-B RGA,1,7593
ENV1,IR12A346,1,7603
ENV1,IR 103806:101-B RGA,1,7603
ENV1,IRRI 102,1,7603
ENV1,IRRI 109,1,7604
ENV1,NSIC 2011 RC 282,5,7606
ENV1,IR13N196,1,7611
ENV1,IR 103806-539-B RGA,1,7612
ENV1,IR09N506,1,7614
ENV1,IRRI 104,2,7614
ENV1,IR09N514,2,7614
ENV1,IR 71700-247-1-1-2,2,7614
ENV1,IR09N507,2,7615
ENV1,IR 20,2,7618
ENV1,IR 103806:181-B RGA,1,7621
ENV1,IRRI 168,5,7622
ENV1,IR 103806-554-B RGA,1,7626
ENV1,IR13A160,1,7627
ENV1,IR09N526,1,7629
ENV1,IR 93683-5-2-2-1-3,1,7629
ENV1,IR 103806:169-B RGA,1,7629
ENV1,IR 79971-B-227-B-B,2,7630
ENV1,IR06A155,1,7635
ENV1,IR09N536,1,7635
ENV1,WAB 56-125,1,7636
ENV1,IRRI 154,5,7642
ENV1,IR13A524,1,7644
ENV1,IR 103806:69-B RGA,1,7644
ENV1,IR 30,2,7646
ENV1,IR 65482-7-216-1-2,2,7652
ENV1,IRRI 120,2,7654
ENV1,IR 103806:284-B RGA,1,7656
ENV1,IR 50,1,7657
ENV1,IRRI 164,2,7659
ENV1,IR 103806:159-B RGA,1,7660
ENV1,IR 65192-4B-17-3,2,7661
ENV1,SUPA,1,7662
ENV1,IR10N289,1,7662
ENV1,IR 93653-44-3-3-2-2,1,7662
ENV1,IR10N161,2,7663
ENV1,IR 110621-C1-C2-B-B-B-174-1,1,7663
ENV1,IR10A136,1,7664
ENV1,IR 95444-112-2-1-1,1,7664
ENV1,IR09N499,2,7668
ENV1,IR13A105,1,7669
ENV1,IR 77390-6-1,1,7670
ENV1,IR06N141,1,7674
ENV1,IR06M137,1,7674
ENV1,IR 38,2,7675
ENV1,IR10A139,1,7676
ENV1,IR 103806:95-B RGA,1,7676
ENV1,IR 103806:52-B RGA,1,7676
ENV1,IR07N197,1,7679
ENV1,IR09A102,2,7680
ENV1,IR 103806:168-B RGA,1,7680
ENV1,IR 28,2,7681
ENV1,IR 103806:216-B RGA,1,7687
ENV1,IR 93336:10-B-18-15-B-B-B-25,1,7692
ENV1,IR 110626-B-B-B-2-1,1,7695
ENV1,IR13A335,1,7697
ENV1,IR 103806:187-B RGA,1,7698
ENV1,IR 103806:302-B RGA,1,7700
ENV1,IR 103806:45-B RGA,1,7701
ENV1,IR13N193,1,7708
ENV1,IRRI 155,1,7709
ENV1,IR09A133,1,7711
ENV1,IR13A196,1,7714
ENV1,IR 110617-C1-B-B-B-11-2,1,7717
ENV1,IRRI 125,1,7718
ENV1,IR05N496,1,7724
ENV1,IR 97225-28-2-1,1,7724
ENV1,IRRI 113,1,7725
ENV1,IR 44,1,7733
ENV1,IR 103806:257-B RGA,1,7734
ENV1,IR12A269,1,7735
ENV1,IR 66946-3R-149-1-1,1,7736
ENV1,IR 93336:10-B-18-15-B-B-B-21,1,7738
ENV1,IR 97225-52-2-1,1,7740
ENV1,IRRI 103,1,7741
ENV1,IR09A143,1,7746
ENV1,IR 93336:10-B-18-15-B-B-B-9,1,7747
ENV1,IR 110631-B-B-B-4-2,1,7748
ENV1,IR09N202,1,7752
ENV1,IRRI 146,1,7754
ENV1,IRRI 168,2,7757
ENV1,IR 103806:179-B RGA,1,7759
ENV1,IR 103806-502-B RGA,1,7761
ENV1,IRRI 140,1,7762
ENV1,IR13A364,1,7767
ENV1,IR13A281,1,7767
ENV1,IR10A133,1,7768
ENV1,CYPRESS,1,7769
ENV1,IR13A332,1,7769
ENV1,IR08N210,2,7770
ENV1,IRRI 159,1,7772
ENV1,IR 103806:68-B RGA,1,7772
ENV1,IR 93336:10-B-18-15-B-B-B-22,1,7773
ENV1,IR13A197,1,7773
ENV1,IRRI 141,1,7777
ENV1,IR08N128,2,7778
ENV1,IR09N518,1,7780
ENV1,IRRI 148,1,7782
ENV1,CYPRESS,2,7783
ENV1,IRRI 168,4,7783
ENV1,IR 93680-31-3-3-3-3,1,7788
ENV1,IR 103806:308-B RGA,1,7790
ENV1,IR 103806:13-B RGA,1,7792
ENV1,IR13N129,1,7797
ENV1,IR03A159,2,7798
ENV1,IR08A175,1,7799
ENV1,IR09A116,1,7803
ENV1,IR 93686-114-3-3-2-B,2,7803
ENV1,IR06N156,2,7805
ENV1,IR 103806:186-B RGA,1,7805
ENV1,IR 110621-C1-C2-B-B-B-24-1,1,7808
ENV1,IR06N146,1,7811
ENV1,IR 96834-78-1-2,1,7811
ENV1,IR12A191,1,7812
ENV1,IR05A235,1,7814
ENV1,IR12N141,1,7814
ENV1,IR10A234,2,7815
ENV1,IR 103806:283-B RGA,1,7815
ENV1,IR 62,2,7816
ENV1,IR10N144,1,7819
ENV1,IR 95503-83-1-3-1-2,1,7821
ENV1,IR 42,1,7826
ENV1,IR13A260,1,7829
ENV1,IR13A306,1,7833
ENV1,IR09N247,1,7833
ENV1,BR 29,1,7834
ENV1,IR 93683-20-3-3-3-2,1,7836
ENV1,IR13A504,1,7838
ENV1,IRRI 167,1,7842
ENV1,IR 103806:222-B RGA,1,7847
ENV1,IR13A308,1,7848
ENV1,IR 96873-43-2-1,1,7848
ENV1,IR 48,2,7848
ENV1,IR 103806:136-B RGA,1,7849
ENV1,IR09A228,1,7853
ENV1,IR09N276,2,7855
ENV1,IRRI 143,1,7857
ENV1,IR 103806:185-B RGA,1,7859
ENV1,IR 103806:207-B RGA,1,7860
ENV1,IRRI 165,4,7861
ENV1,IR04A212,1,7861
ENV1,IR09A200,1,7862
ENV1,IR13A381,1,7867
ENV1,IR08N165,1,7868
ENV1,CIHERANG-SUB1,2,7878
ENV1,IR 96830-34-2-1,1,7880
ENV1,IR10N290,2,7881
ENV1,IR 65600-81-5-3-2,1,7886
ENV1,IR08M114,1,7887
ENV1,IR 103806:240-B RGA,1,7887
ENV1,INIA TACUARI,1,7889
ENV1,IR10N251,1,7889
ENV1,IR 103806:277-B RGA,1,7890
ENV1,IR10N286,2,7891
ENV1,IR 93693-66-3-3-2-B,1,7891
ENV1,IR 93686-114-3-3-2-B,1,7896
ENV1,IR10N226,2,7899
ENV1,IR 103806:191-B RGA,1,7900
ENV1,IR 103806:247-B RGA,1,7903
ENV1,IR 65482-4-136,2,7904
ENV1,IR08N158,2,7904
ENV1,IR06N156,1,7904
ENV1,IR 95511-57-3-3-2,1,7905
ENV1,IR10A155,1,7906
ENV1,IR 64-SUB1,4,7909
ENV1,IR13A116,1,7911
ENV1,IR 93339:39-B-6-5-B-B-B-32,1,7912
ENV1,IR06M125,1,7914
ENV1,IR09N247,2,7916
ENV1,IR 103806:105-B RGA,1,7917
ENV1,IR 103806:256-B RGA,1,7919
ENV1,IR 26,2,7920
ENV1,IR06N120,1,7921
ENV1,IR 110630-B-B-B-9-2,1,7921
ENV1,IR 93684-125-2-1-3-3,1,7924
ENV1,IR 96831-35-1-2,1,7925
ENV1,IR03A550,2,7928
ENV1,IR BB 60,1,7930
ENV1,IRRI 116,1,7932
ENV1,IR13N165,1,7932
ENV1,IR03A159,1,7934
ENV1,IR13A227,1,7935
ENV1,IR 103806:306-B RGA,1,7935
ENV1,IR13N200,1,7936
ENV1,IR10N114,1,7938
ENV1,IRRI 147,1,7938
ENV1,IR09N276,1,7939
ENV1,IR 96831-35-1-1,1,7940
ENV1,IR13A136,1,7942
ENV1,IR 103806-507-B RGA,1,7942
ENV1,IR 93339:11-B-23-16-B-B-B-26,1,7944
ENV1,IR10A155,2,7948
ENV1,IR 93653-44-3-3-2-3,1,7949
ENV1,IR13N201,1,7952
ENV1,IR12A117,1,7952
ENV1,IRRI 146,2,7953
ENV1,IR 93599-37-1-2-1-3,1,7955
ENV1,IR 103806:171-B RGA,1,7956
ENV1,IR09N523,1,7958
ENV1,IR 93680-98-3-3-2-2,1,7959
ENV1,IR13N148,1,7960
ENV1,IR07A107,1,7960
ENV1,IR03N137,1,7961
ENV1,IR10N290,1,7961
ENV1,IR 110611-B-B-B-19-1,1,7961
ENV1,IR 110619-B-B-B-1-1,1,7964
ENV1,IR 93336:10-B-18-15-B-B-B-11,1,7969
ENV1,IR 103806-541-B RGA,1,7970
ENV1,IR10N208,1,7970
ENV1,IR13A432,1,7981
ENV1,IR10N130,1,7982
ENV1,IR12A169,1,7982
ENV1,IR 68,1,7984
ENV1,IR 103806:37-B RGA,1,7985
ENV1,IR 64-SUB1,1,7988
ENV1,IR 110630-B-B-B-10-1,1,7994
ENV1,IR05N168,1,7995
ENV1,IR10M136,1,7997
ENV1,IR 103806:144-B RGA,1,7999
ENV1,IR 103806:279-B RGA,1,7999
ENV1,IR 103806-557-B RGA,1,8003
ENV1,IR12N105,1,8004
ENV1,IR 97233-70-1-3,1,8006
ENV1,IR06A169,1,8009
ENV1,IR05A235,2,8011
ENV1,IR09N394,1,8014
ENV1,IR 110628-B-B-B-3-3,1,8014
ENV1,IR12A170,1,8016
ENV1,IR 103806-528-B RGA,1,8018
ENV1,IRRI 135,1,8020
ENV1,IR08A111,1,8020
ENV1,IR03A262,1,8025
ENV1,IR10N278,1,8026
ENV1,IR 93685-132-3-1-1-B,1,8026
ENV1,IRRI 115,1,8029
ENV1,IR 110624-B-B-B-1-1,1,8029
ENV1,IR08N159,1,8030
ENV1,IRRI 118,1,8031
ENV1,IR13A333,1,8031
ENV1,IR13A223,1,8034
ENV1,IR09N536,2,8036
ENV1,IR10N208,2,8039
ENV1,IR06N127,1,8041
ENV1,IR 103806:226-B RGA,1,8042
ENV1,IR10N148,1,8043
ENV1,IR10N259,1,8043
ENV1,IR 97304-5-3-3,1,8045
ENV1,IR 110634-B-B-1-1,1,8047
ENV1,IR08N103,1,8053
ENV1,IR09N481,1,8055
ENV1,IR13A144,1,8057
ENV1,IRRI 108,1,8057
ENV1,IR 36,1,8061
ENV1,IRRI 168,6,8061
ENV1,IR10N223,1,8062
ENV1,IR 110630-B-B-B-15-1,1,8063
ENV1,IR 110621-C1-C2-B-B-B-13-1,1,8063
ENV1,IR07N197,2,8064
ENV1,IR 103806:19-B RGA,1,8066
ENV1,IR 103806:161-B RGA,1,8067
ENV1,IR 96748-89-2-3-2,1,8068
ENV1,IR10N260,1,8071
ENV1,IR 8,2,8076
ENV1,IRRI 155,2,8079
ENV1,IRRI 160,2,8080
ENV1,IR09N505,2,8081
ENV1,IR13A278,1,8082
ENV1,IR13A158,1,8091
ENV1,IR12A307,1,8092
ENV1,IR 65,2,8093
ENV1,IR13A120,1,8094
ENV1,IR09A122,1,8094
ENV1,IR12A224,1,8095
ENV1,IR 64,1,8095
ENV1,IR13A377,1,8095
ENV1,IR10N205,1,8096
ENV1,IR13N171,1,8097
ENV1,IR09M109,1,8099
ENV1,IR08N166,1,8100
ENV1,IR09N161,1,8100
ENV1,IR09A102,2,8105
ENV1,IR 36,2,8108
ENV1,IR09N533,2,8110
ENV1,IR 110611-B-B-B-9-1,1,8110
ENV1,IR10N296,1,8111
ENV1,IR 103806:281-B RGA,1,8113
ENV1,IR05N204,2,8115
ENV1,IR 103806:23-B RGA,1,8119
ENV1,IR10A239,2,8120
ENV1,IR 103806-516-B RGA,1,8120
ENV1,IR 103806:17-B RGA,1,8123
ENV1,IR 71700-247-1-1-2,1,8125
ENV1,IR12A246,1,8129
ENV1,IR 102885-29-32,1,8132
ENV1,IR13A436,1,8138
ENV1,IR 96734-109-3-2-3,1,8138
ENV1,IR 110621-C1-C2-B-B-B-189-1,1,8139
ENV1,IR09N520,2,8140
ENV1,IR10N277,1,8142
ENV1,IR 103806-562-B RGA,1,8142
ENV1,IR 103806-504-B RGA,1,8142
ENV1,IR09N507,1,8143
ENV1,IR 110621-C1-C2-B-B-B-7-1,1,8143
ENV1,IR 103806:30-B RGA,1,8143
ENV1,IR08M102,1,8144
ENV1,IR13A283,1,8144
ENV1,IR08N164,1,8144
ENV1,IR09N474,1,8146
ENV1,IR08A172,2,8146
ENV1,IR 103806-508-B RGA,1,8148
ENV1,IR 96847-91-1-2,1,8149
ENV1,IR 24,1,8150
ENV1,IR13N130,1,8156
ENV1,IR13A135,1,8159
ENV1,IR 103806:178-B RGA,1,8163
ENV1,IR09N246,2,8164
ENV1,IR07N187,2,8165
ENV1,IRBB 21,1,8167
ENV1,IR05N419,1,8171
ENV1,IR 58,2,8172
ENV1,IR 93339:49-B-10-14-B-B-B-1,1,8174
ENV1,IR10N302,1,8174
ENV1,IR 103806:140-B RGA,1,8179
ENV1,IR07A137,2,8180
ENV1,IR05N341,1,8181
ENV1,IR 93339:29-B-7-7-B-B-B-34,1,8182
ENV1,IR10N211,1,8183
ENV1,IR 103806:59-B RGA,1,8183
ENV1,IR 110626-B-B-B-3-2,1,8183
ENV1,IR12A197,1,8187
ENV1,IRRI 147,2,8187
ENV1,IR 96756-84-3-3,1,8188
ENV1,IR 103806:2-B RGA,1,8190
ENV1,IR 103806:126-B RGA,1,8194
ENV1,IR09N500,2,8197
ENV1,IR10N305,2,8199
ENV1,IRRI 140,2,8202
ENV1,IR10N186,1,8203
ENV1,IR 103806:188-B RGA,1,8204
ENV1,IR 103806:139-B RGA,1,8204
ENV1,IR 30,1,8212
ENV1,IR13N122,1,8216
ENV1,IR09N499,1,8219
ENV1,IR 103806-530-B RGA,1,8220
ENV1,IR 93339:39-B-6-5-B-B-B-3,1,8221
ENV1,IR13N161,1,8221
ENV1,IR 93681-83-1-2-1-3,1,8228
ENV1,IR10N136,1,8229
ENV1,IR13A314,1,8235
ENV1,IR10N137,2,8236
ENV1,IR09N423,1,8236
ENV1,IR 103806:103-B RGA,1,8239
ENV1,IR09A143,2,8239
ENV1,IR05N204,1,8241
ENV1,IR 93339:11-B-23-16-B-B-B-12,1,8242
ENV1,IR 93693-148-2-1-3-B,2,8243
ENV1,IR13A365,1,8244
ENV1,IR06A148,1,8244
ENV1,IR 93680-31-3-3-3-2,1,8244
ENV1,IR 103806-565-B RGA,1,8245
ENV1,IR13A404,1,8246
ENV1,IR09N509,2,8247
ENV1,IR 103806:205-B RGA,1,8249
ENV1,IR12A327,1,8249
ENV1,IR 103806:285-B RGA,1,8249
ENV1,IR06A148,2,8252
ENV1,IR09N495,2,8253
ENV1,IR 103806:160-B RGA,1,8253
ENV1,IR 93680-98-3-3-2-3,1,8254
ENV1,IR03N137,2,8256
ENV1,IRRI 116,2,8261
ENV1,IR09N379,1,8262
ENV1,IR 103806-538-B RGA,1,8262
ENV1,IR 93339:29-B-7-7-B-B-B-32,1,8264
ENV1,IR 97304-5-3-2,1,8264
ENV1,IR 103806:270-B RGA,1,8265
ENV1,IR 103806:274-B RGA,1,8267
ENV1,IR08A128,1,8268
ENV1,IR 93680-31-3-3-3-1,1,8269
ENV1,IR09A228,1,8270
ENV1,IRRI 147,1,8273
ENV1,IR 93336:10-B-18-15-B-B-B-5,1,8274
ENV1,IR 96874-64-3-1-1,1,8276
ENV1,IR 103806:165-B RGA,1,8276
ENV1,IR 103806:194-B RGA,1,8279
ENV1,IR BB 60,2,8282
ENV1,IR 54,2,8283
ENV1,IR 103806:238-B RGA,1,8284
ENV1,IR 103806:258-B RGA,1,8284
ENV1,IR 103806:252-B RGA,1,8285
ENV1,IR10M146,1,8285
ENV1,IR05N170,2,8287
ENV1,IR09A192,1,8299
ENV1,IR 103806:76-B RGA,1,8299
ENV1,IR 95945-37-3-2-1,1,8300
ENV1,IR10N256,2,8303
ENV1,IR 103806:214-B RGA,1,8305
ENV1,IR 93681-83-1-2-1-1,1,8306
ENV1,IR10N303,2,8306
ENV1,IR 110617-C1-B-B-B-6-1,1,8307
ENV1,IR13A217,1,8308
ENV1,IR 93336:10-B-18-15-B-B-B-15,1,8310
ENV1,IR 93680-98-3-3-2-1,1,8310
ENV1,IR 93339:29-B-7-7-B-B-B-33,1,8311
ENV1,IR 110618-B-B-B-1-1,1,8312
ENV1,SAMBHA MAHSURI-SUB1,1,8313
ENV1,IR 103806:64-B RGA,1,8314
ENV1,IR 93599-94-2-1-2-3,1,8316
ENV1,IR 103806:28-B RGA,1,8318
ENV1,IR09N542,2,8319
ENV1,IR 103806:272-B RGA,1,8319
ENV1,IRRI 106,1,8322
ENV1,IR13N101,1,8326
ENV1,IR 103806:137-B RGA,1,8327
ENV1,IR10N305,1,8329
ENV1,IR 103806:111-B RGA,1,8329
ENV1,IR 96847-91-1-3,1,8330
ENV1,IR 103806-540-B RGA,1,8332
ENV1,IR11A303,1,8333
ENV1,IR 110630-B-B-B-13-1,1,8333
ENV1,IR08M109,1,8333
ENV1,IR07M101,1,8334
ENV1,IR13A501,1,8335
ENV1,IR 103806:266-B RGA,1,8335
ENV1,IR10N264,1,8336
ENV1,IR06M139,1,8339
ENV1,IR13A430,1,8340
ENV1,IR 103806-553-B RGA,1,8342
ENV1,IR12A276,1,8342
ENV1,IR10A142,1,8343
ENV1,IR 110609-B-B-B-1-1,1,8344
ENV1,IR 110621-C1-C2-B-B-B-190-1,1,8345
ENV1,IR06A144,1,8348
ENV1,IR09N261,1,8349
ENV1,IR 93339:49-B-10-14-B-B-B-30,1,8350
ENV1,IR 94101-26-3-3-2-2,1,8352
ENV1,IR 8,1,8352
ENV1,IR08N133,1,8357
ENV1,IR09N262,1,8357
ENV1,IR08N121,1,8359
ENV1,IR13N185,1,8364
ENV1,IR 96840-23-3-3,1,8368
ENV1,IR 103806:317-B RGA,1,8370
ENV1,IR13A165,1,8370
ENV1,IR13A458,1,8371
ENV1,IR 103806-515-B RGA,1,8371
ENV1,IR 103806:234-B RGA,1,8371
ENV1,IR 103806:108-B RGA,1,8374
ENV1,IR13N133,1,8375
ENV1,IR 110626-B-B-B-2-3,1,8376
ENV1,IR13A348,1,8377
ENV1,IR 103806-513-B RGA,1,8379
ENV1,IR13A349,1,8382
ENV1,IR09N287,1,8384
ENV1,IR09N296,1,8385
ENV1,IR 110635-B-B-1-1,1,8389
ENV1,IR09N262,2,8389
ENV1,IR08A138,1,8395
ENV1,IR 103806:261-B RGA,1,8395
ENV1,IR 110630-B-B-B-9-1,1,8397
ENV1,NSIC 2011 RC 282,3,8399
ENV1,IR06N146,2,8403
ENV1,IR 96836-19-2-3,1,8406
ENV1,IR 110625-B-B-B-1-1,1,8408
ENV1,IR13N110,1,8412
ENV1,IR10N281,1,8415
ENV1,IR 93339:39-B-6-5-B-B-B-50,1,8416
ENV1,IR13A408,1,8416
ENV1,IR10A127,1,8417
ENV1,IR 103806:82-B RGA,1,8417
ENV1,IR09A128,1,8418
ENV1,IR 103806:295-B RGA,1,8418
ENV1,IR 93339:11-B-23-16-B-B-B-23,1,8419
ENV1,IR09N495,1,8420
ENV1,IR12A283,1,8420
ENV1,IR 103806:125-B RGA,1,8424
ENV1,IR09N127,2,8425
ENV1,IR 73004-3-1-2-1,1,8426
ENV1,IR10N288,2,8430
ENV1,IR 6 (PAKISTAN),1,8433
ENV1,IR13N168,1,8438
ENV1,IR10N160,1,8438
ENV1,IR06N234,2,8439
ENV1,IR13A496,1,8440
ENV1,IR08A191,2,8440
ENV1,IR 110621-C1-C2-B-B-B-3-2,1,8441
ENV1,IR13A388,1,8442
ENV1,IR06M145,1,8447
ENV1,IR 96824-9-2-2,1,8448
ENV1,IR 103806:74-B RGA,1,8450
ENV1,IR13A367,1,8455
ENV1,IR 103806:35-B RGA,1,8455
ENV1,IR 110635-B-B-1-2,1,8455
ENV1,IR13A176,1,8455
ENV1,IR13A229,1,8457
ENV1,IR 74,2,8459
ENV1,IR12N246,1,8459
ENV1,IR 103806-523-B RGA,1,8459
ENV1,IR10N108,1,8460
ENV1,IR 103806:8-B RGA,1,8462
ENV1,IR12N187,1,8473
ENV1,IR 110631-B-B-B-10-2,1,8473
ENV1,IR 103806:109-B RGA,1,8481
ENV1,IR07N177,1,8483
ENV1,IR 110620-B-B-B-2-1,1,8486
ENV1,IR 103806:231-B RGA,1,8487
ENV1,IR 103806:314-B RGA,1,8488
ENV1,IR 103806:166-B RGA,1,8488
ENV1,IR13A271,1,8490
ENV1,IR 93683-20-3-3-3-1,1,8490
ENV1,IR13A177,1,8492
ENV1,IR10N250,1,8492
ENV1,IR 64-SUB1,3,8492
ENV1,IR09N501,2,8496
ENV1,IR 96873-43-2-3,1,8497
ENV1,IR09N340,1,8499
ENV1,IR 95495-36-1-3-1,1,8499
ENV1,IR 93693-66-3-3-2-B,2,8501
ENV1,IR 103806:184-B RGA,1,8503
ENV1,IR 103806:45-B RGA,2,8503
ENV1,IR09N533,2,8504
ENV1,IR13A236,1,8508
ENV1,IR 97233-70-1-1,1,8511
ENV1,IR09N127,1,8512
ENV1,IRRI 118,2,8515
ENV1,IR 96855-72-1-1,1,8516
ENV1,IR06N127,2,8517
ENV1,IR 110621-C1-C2-B-B-B-1-2,1,8518
ENV1,IR 110636-B-B-1-1,1,8519
ENV1,IR 110611-B-B-B-5-1,1,8520
ENV1,IR 110633-C1-B-B-1-2,1,8521
ENV1,IR 103806-506-B RGA,1,8521
ENV1,IR 96855-103-2-1,1,8523
ENV1,IR 103806-514-B RGA,1,8523
ENV1,IR12N162,1,8527
ENV1,IR13A298,1,8528
ENV1,IR09A229,1,8530
ENV1,IR13N178,1,8530
ENV1,IR 110631-B-B-B-1-1,1,8532
ENV1,IR13A341,1,8535
ENV1,IR 103806:228-B RGA,1,8535
ENV1,IR 103806:213-B RGA,1,8536
ENV1,IR10N282,2,8537
ENV1,IR06N170,2,8538
ENV1,IR 96730-36-3-1-1,1,8538
ENV1,IR 103806-568-B RGA,1,8539
ENV1,IR10N101,1,8540
ENV1,IR 110621-C1-C2-B-B-B-4-1,1,8541
ENV1,IR10A142,2,8544
ENV1,IR 103806:53-B RGA,1,8545
ENV1,IRRI 115,2,8548
ENV1,IRRI 164,1,8550
ENV1,SWARNA-SUB1,1,8550
ENV1,IR10N184,1,8551
ENV1,IR 97225-52-2-2,1,8556
ENV1,IR10N305,1,8557
ENV1,IR09A131,1,8558
ENV1,IR09N529,2,8560
ENV1,IR 103806:304-B RGA,1,8561
ENV1,IR12A344,1,8563
ENV1,IR 93339:39-B-6-5-B-B-B-7,1,8564
ENV1,IR 93683-20-3-3-3-3,1,8565
ENV1,IR 110607-B-B-B-1-1,1,8565
ENV1,IR12A284,1,8566
ENV1,IR 96824-9-2-1,1,8575
ENV1,IR 103806:77-B RGA,1,8576
ENV1,IR10M140,1,8578
ENV1,IR 103806-556-B RGA,1,8585
ENV1,IR 93685-132-3-1-1-B,2,8586
ENV1,IR 103806:292-B RGA,1,8592
ENV1,IR 110617-C1-B-B-B-3-1,1,8593
ENV1,IR 103806:81-B RGA,1,8598
ENV1,IR09N473,1,8598
ENV1,IR09N259,1,8599
ENV1,IR06M147,1,8603
ENV1,IR13A323,1,8604
ENV1,IR 103806:197-B RGA,1,8604
ENV1,SAMBHA MAHSURI-SUB1,2,8607
ENV1,IR09N191,1,8610
ENV1,IR 103806-529-B RGA,1,8612
ENV1,IR 95475-71-3-1-2-B,1,8619
ENV1,IR13A373,1,8622
ENV1,IR12N134,1,8622
ENV1,IR 96847-20-1-2,1,8624
ENV1,IR 93339:11-B-23-16-B-B-B-4,1,8625
ENV1,IR 103806:216-B RGA,2,8629
ENV1,IR 38,1,8631
ENV1,IR10A234,1,8632
ENV1,IR 110617-C1-B-B-B-14-2,1,8637
ENV1,IR13A346,1,8637
ENV1,IR 103806:131-B RGA,1,8640
ENV1,SARO 5,1,8644
ENV1,IR10N223,2,8644
ENV1,IR10N264,2,8648
ENV1,IR 110630-B-B-B-12-1,1,8648
ENV1,IR09N500,1,8649
ENV1,IR13A521,1,8650
ENV1,IR03A568,2,8658
ENV1,IR 103806:319-B RGA,1,8662
ENV1,IRRI 144,2,8667
ENV1,IR13A140,1,8668
ENV1,IR 103806:116-B RGA,1,8668
ENV1,IR07F290,1,8678
ENV1,IR 103806:268-B RGA,1,8678
ENV1,IR 95512-23-3-2-B,1,8685
ENV1,IRRI 117,1,8686
ENV1,IR13N211,1,8689
ENV1,IR 96734-109-3-2-1,1,8691
ENV1,IR 110636-B-B-2-1,1,8695
ENV1,IR13N109,1,8696
ENV1,IR 96798-8-2-2-3,1,8696
ENV1,IR 96836-87-3-1,1,8697
ENV1,IR 97302-3-3-2,1,8700
ENV1,IR 110621-C1-C2-B-B-B-23-1,1,8702
ENV1,IR 103806:162-B RGA,1,8702
ENV1,IR09N536,2,8710
ENV1,IR 93339:49-B-10-14-B-B-B-21,1,8710
ENV1,IR13A304,1,8712
ENV1,IR13A299,1,8712
ENV1,IR13N179,1,8712
ENV1,IR 103806:92-B RGA,1,8715
ENV1,IR09A183,1,8719
ENV1,IR 103806:18-B RGA,1,8727
ENV1,IR 103806:263-B RGA,1,8727
ENV1,IR09N535,2,8728
ENV1,IR08N215,1,8728
ENV1,IRRI 147,1,8728
ENV1,IR 110621-C1-C2-B-B-B-179-1,1,8729
ENV1,IR10N161,1,8732
ENV1,CIHERANG-SUB1,1,8733
ENV1,IR 110611-B-B-B-28-1,1,8733
ENV1,IR 93336:10-B-18-15-B-B-B-28,1,8735
ENV1,IR 103806:326-B RGA,1,8735
ENV1,IR 103806-533-B RGA,1,8735
ENV1,IR 103806-560-B RGA,1,8735
ENV1,IR 110621-C1-C2-B-B-B-132-1,1,8736
ENV1,IR 93696-38-1-2-2-B,1,8737
ENV1,IR 103806:199-B RGA,1,8741
ENV1,IR 103806:246-B RGA,1,8742
ENV1,IR 110628-B-B-B-3-1,1,8742
ENV1,IR 93339:39-B-6-5-B-B-B-20,1,8744
ENV1,IR 103806:66-B RGA,1,8750
ENV1,IR 103806:24-B RGA,1,8751
ENV1,IR10M120,1,8753
ENV1,IR 103806:153-B RGA,1,8755
ENV1,IR06N211,1,8756
ENV1,IR 110611-B-B-B-26-1,1,8757
ENV1,IR08M119,1,8757
ENV1,IR 93339:39-B-6-5-B-B-B-23,1,8759
ENV1,IR 103806-558-B RGA,1,8759
ENV1,IR13A128,1,8760
ENV1,IR 103806:233-B RGA,1,8763
ENV1,IR09A229,2,8776
ENV1,IR 95511-40-3-1-B,1,8778
ENV1,IR06N234,1,8778
ENV1,IR 96840-70-2-3,1,8779
ENV1,BRRI DHAN 55,1,8783
ENV1,IR10M137,1,8783
ENV1,IR 93339:11-B-23-16-B-B-B-18,1,8784
ENV1,IR 103806-549-B RGA,1,8784
ENV1,IR13A264,1,8786
ENV1,IR13A326,1,8786
ENV1,IR04N106,2,8787
ENV1,IR13A454,1,8787
ENV1,IR13A451,1,8787
ENV1,IR 71677-161-2-3,1,8791
ENV1,IR 103806:135-B RGA,1,8792
ENV1,IR 103806-569-B RGA,1,8794
ENV1,IRRI 104,2,8797
ENV1,IR09N505,1,8800
ENV1,IR 110611-B-B-B-18-1,1,8809
ENV1,IR 110621-C1-C2-B-B-B-66-1,1,8810
ENV1,IR 110611-B-B-B-10-1,1,8810
ENV1,IR 103806:323-B RGA,1,8812
ENV1,IR10A134,1,8813
ENV1,IR 94101-26-3-3-2-3,1,8817
ENV1,IR 93599-94-2-1-2-2,1,8824
ENV1,IR 96873-43-2-2,1,8825
ENV1,IR 96774-21-1-2-3,1,8825
ENV1,IR 95512-23-3-2-B,2,8826
ENV1,IR 110617-C1-B-B-B-5-2,1,8833
ENV1,IR 103806:230-B RGA,1,8834
ENV1,IR 103806:25-B RGA,1,8836
ENV1,IR13N158,1,8837
ENV1,IR 103806:243-B RGA,1,8837
ENV1,IR13A189,1,8839
ENV1,IR08A138,2,8840
ENV1,IR13A435,1,8841
ENV1,IR 97326-1-3-2-2,1,8842
ENV1,IR 110609-B-B-B-1-2,1,8842
ENV1,IR12A302,1,8845
ENV1,IR08N184,1,8847
ENV1,IR 110617-C1-B-B-B-10-2,1,8847
ENV1,IR 103806:61-B RGA,1,8847
ENV1,IR09A136,2,8849
ENV1,IR12A278,1,8849
ENV1,IRRI 151,1,8850
ENV1,IR 93339:29-B-7-7-B-B-B-48,1,8853
ENV1,IR 110621-C1-C2-B-B-B-86-1,1,8853
ENV1,BRRI DHAN 53,1,8856
ENV1,IR13A386,1,8859
ENV1,IR 96748-89-2-3-1,1,8859
ENV1,IR 110611-B-B-B-29-1,1,8860
ENV1,IR13A464,1,8864
ENV1,IR 103806-566-B RGA,1,8865
ENV1,NSIC 2011 RC 282,2,8866
ENV1,IR13A114,1,8866
ENV1,IR09A102,1,8869
ENV1,IR10N253,2,8870
ENV1,IR10N269,2,8873
ENV1,IR09N503,1,8875
ENV1,IR 74,1,8876
ENV1,IR 110611-B-B-B-16-2,1,8876
ENV1,IRRI 159,2,8878
ENV1,IR 103806:85-B RGA,1,8879
ENV1,IR 103806:142-B RGA,1,8880
ENV1,IR 110628-B-B-B-1-1,1,8881
ENV1,IR 110621-C1-C2-B-B-B-32-2,1,8882
ENV1,IR 103806:322-B RGA,1,8882
ENV1,IR 96847-20-1-1,1,8888
ENV1,IR13A211,1,8894
ENV1,IR 96855-103-2-3,1,8894
ENV1,IR 96748-89-2-3-3,1,8896
ENV1,IR 110611-B-B-B-30-1,1,8901
ENV1,IR 95495-36-1-3-3,1,8904
ENV1,IR 94101-71-3-2-1-B,1,8907
ENV1,IR10N259,2,8908
ENV1,IR 97257-35-2-1,1,8909
ENV1,IR07A253,1,8911
ENV1,IR10A108,1,8913
ENV1,IR 103806:287-B RGA,1,8914
ENV1,IR10N198,1,8916
ENV1,IRRI 122,1,8917
ENV1,IRRI 165,2,8918
ENV1,IR 103806:245-B RGA,1,8918
ENV1,IR 103806:117-B RGA,1,8919
ENV1,IR09A225,1,8920
ENV1,IR05N221,2,8920
ENV1,IR05N419,2,8920
ENV1,IR 103806-519-B RGA,1,8921
ENV1,IR06M144,1,8922
ENV1,IR 103806:182-B RGA,1,8931
ENV1,IR 103806-545-B RGA,1,8931
ENV1,IR 93684-125-2-1-3-2,1,8932
ENV1,IR 103806:201-B RGA,1,8933
ENV1,IR08N159,2,8937
ENV1,IR05A260,2,8939
ENV1,IR 93339:49-B-10-14-B-B-B-5,1,8939
ENV1,IR 103806-561-B RGA,1,8939
ENV1,IR12A235,1,8941
ENV1,IR 110621-C1-C2-B-B-B-59-1,1,8941
ENV1,IR10N216,2,8943
ENV1,IR09N473,2,8945
ENV1,CIHERANG-SUB1,1,8947
ENV1,IR 93693-148-2-1-3-B,1,8955
ENV1,IR07A183,2,8957
ENV1,IR 110621-C1-C2-B-B-B-8-1,1,8959
ENV1,IR10N291,2,8968
ENV1,IR 103806:32-B RGA,1,8968
ENV1,IR 110628-B-B-B-2-1,1,8970
ENV1,IR04A115,2,8971
ENV1,IR 103806:262-B RGA,1,8971
ENV1,IRRI 104,1,8975
ENV1,IR13A302,1,8975
ENV1,IR 110635-B-B-1-4,1,8976
ENV1,IR 96856-97-3-2,1,8978
ENV1,IR 103806:236-B RGA,1,8982
ENV1,IRRI 141,2,8983
ENV1,IR 103806:313-B RGA,1,8983
ENV1,IR 28,1,8984
ENV1,IR 110611-B-B-B-21-1,1,8984
ENV1,IR 103806:273-B RGA,1,8985
ENV1,IRRI 136,2,8986
ENV1,IR13A414,1,8988
ENV1,IR10N298,2,8991
ENV1,IR13A288,1,8994
ENV1,IR13A164,1,8999
ENV1,IR10M148,1,9000
ENV1,IR07A253,2,9002
ENV1,IR 103806:84-B RGA,1,9005
ENV1,IRRI 149,2,9008
ENV1,IR13A482,1,9009
ENV1,IR 103806:9-B RGA,1,9010
ENV1,IR 110630-B-B-B-18-1,1,9013
ENV1,IR 96743-17-2-2-3,1,9014
ENV1,IRRI 126,2,9015
ENV1,IR09N531,2,9016
ENV1,IR 93684-28-2-3-2-1,1,9016
ENV1,IR07A183,1,9017
ENV1,IR09A152,1,9017
ENV1,IR 97253-20-1-3,1,9017
ENV1,IR 95519-39-3-2-2,1,9017
ENV1,IR 34,1,9017
ENV1,IR12A267,1,9018
ENV1,IR09N260,2,9019
ENV1,IRRI 112,2,9019
ENV1,IR 93684-28-2-3-2-3,1,9020
ENV1,IR 103806:269-B RGA,1,9022
ENV1,IR08N185,1,9024
ENV1,IR03A262,2,9025
ENV1,IR07F290,2,9031
ENV1,IR05N168,2,9033
ENV1,IR 95914-61-1-3-2-1,1,9034
ENV1,IR 110621-C1-C2-B-B-B-1-1,1,9034
ENV1,IR10N260,2,9035
ENV1,IR 110621-C1-C2-B-B-B-32-1,1,9035
ENV1,IR08N194,1,9037
ENV1,IR 95541-84-2-2-2,1,9037
ENV1,IR13A343,1,9037
ENV1,IR 95945-37-3-2-2,1,9038
ENV1,IR12A222,1,9039
ENV1,IR13A476,1,9045
ENV1,IR 103806:158-B RGA,1,9048
ENV1,IR10A128,1,9050
ENV1,IR12A137,1,9053
ENV1,IR 110611-B-B-B-2-2,1,9055
ENV1,IR 42,2,9056
ENV1,IR10N271,2,9057
ENV1,IR 24,2,9058
ENV1,IR12A115,1,9064
ENV1,IR10N304,2,9070
ENV1,IR05N412,1,9070
ENV1,IR 96836-87-3-3,1,9072
ENV1,IR 96734-109-3-2-2,1,9078
ENV1,IR13A127,1,9079
ENV1,IR10N305,2,9080
ENV1,IR 95515-76-3-1-1,1,9080
ENV1,IR 103806-548-B RGA,1,9080
ENV1,IR 110620-B-B-B-1-1,1,9081
ENV1,IRRI 162,2,9082
ENV1,IR13A498,1,9082
ENV1,IRRI 126,1,9084
ENV1,IR 70,1,9087
ENV1,IR06N170,1,9088
ENV1,IR13N155,1,9094
ENV1,IR10A136,2,9094
ENV1,IR08N158,1,9095
ENV1,IR12N226,1,9095
ENV1,IR06A150,1,9097
ENV1,IR 110621-C1-C2-B-B-B-178-1,1,9099
ENV1,IR10N238,2,9101
ENV1,IR13A210,1,9103
ENV1,IR07A250,1,9103
ENV1,IR 93599-37-1-2-1-1,1,9107
ENV1,IR 103806:6-B RGA,1,9107
ENV1,IR 103806-559-B RGA,1,9109
ENV1,IR 97253-20-1-2,1,9109
ENV1,IR 93336:10-B-18-15-B-B-B-14,1,9111
ENV1,IR05A260,1,9112
ENV1,IR 103806-501-B RGA,1,9112
ENV1,IR 93684-28-2-3-2-2,1,9115
ENV1,IR04N106,1,9116
ENV1,IR10N301,1,9117
ENV1,IR13N140,1,9117
ENV1,IR08N180,2,9117
ENV1,IR09N246,1,9119
ENV1,IR 103806:97-B RGA,1,9123
ENV1,IR08A191,1,9129
ENV1,IR07A253,2,9132
ENV1,IR13A249,1,9135
ENV1,IR 93599-37-1-2-1-2,1,9136
ENV1,IR08N180,1,9136
ENV1,IR 95511-40-3-1-B,2,9137
ENV1,IRRI 165,5,9138
ENV1,IR09N516,1,9138
ENV1,IR13A239,1,9140
ENV1,IR09N508,2,9143
ENV1,IR 93339:11-B-23-16-B-B-B-6,1,9143
ENV1,IR 110611-B-B-B-5-2,1,9144
ENV1,IR10M147,1,9144
ENV1,IR 110636-B-B-3-1,1,9144
ENV1,IR 93339:49-B-10-14-B-B-B-7,1,9148
ENV1,IR 110623-C1-C2-B-B-B-1-1,1,9148
ENV1,IR09N173,1,9154
ENV1,IR 103806:260-B RGA,1,9154
ENV1,IR 94077-97-3-3-1-3,1,9158
ENV1,IR12A160,1,9159
ENV1,IR13A492,1,9163
ENV1,IR 103806:237-B RGA,1,9164
ENV1,IR08N194,2,9169
ENV1,IR 95511-57-3-3-1,1,9170
ENV1,IR 96831-35-1-3,1,9171
ENV1,IR 110617-C1-B-B-B-13-4,1,9173
ENV1,IR 103806:210-B RGA,1,9173
ENV1,IR 103806:121-B RGA,1,9176
ENV1,IR 110613-B-B-B-1-1,1,9177
ENV1,IR09A136,1,9179
ENV1,IR 96834-38-3-1,1,9180
ENV1,IR 96824-9-2-3,1,9181
ENV1,IR09N470,1,9183
ENV1,IR 6 (PAKISTAN),2,9185
ENV1,MANAW THUKHA,1,9187
ENV1,IR 96843-106-1-2,1,9188
ENV1,IR 103806-531-B RGA,1,9193
ENV1,IR 96840-23-3-2,1,9193
ENV1,IR10N272,1,9196
ENV1,IR10N282,1,9196
ENV1,IR 103806:282-B RGA,1,9196
ENV1,IR 103806:220-B RGA,1,9196
ENV1,IR10M123,1,9204
ENV1,IR 103806:54-B RGA,1,9204
ENV1,IR04A428,2,9208
ENV1,IRRI 138,2,9211
ENV1,IR08A175,2,9214
ENV1,IRRI 112,1,9214
ENV1,IR09N142,2,9217
ENV1,IR09N274,1,9217
ENV1,IR 110617-C1-B-B-B-9-2,1,9219
ENV1,SABITRI,2,9220
ENV1,SWARNA-SUB1,2,9221
ENV1,IR09N126,1,9223
ENV1,IR 110631-B-B-B-4-1,1,9225
ENV1,IRRI 160,1,9226
ENV1,IRRI 162,1,9227
ENV1,IR04A115,1,9228
ENV1,IR 68,2,9231
ENV1,IR10N304,1,9236
ENV1,IR10M121,1,9236
ENV1,IR 48,1,9239
ENV1,IR 97225-28-2-2,1,9241
ENV1,IR05N304,1,9241
ENV1,IR 110611-B-B-B-31-1,1,9242
ENV1,IR05N170,1,9242
ENV1,IR 103806-544-B RGA,1,9243
ENV1,IR 110611-B-B-B-1-1,1,9244
ENV1,IR06A150,2,9250
ENV1,IR 74371-70-1-1,2,9250
ENV1,IR10N134,2,9252
ENV1,IR06N120,2,9253
ENV1,IR10N270,1,9254
ENV1,IR10A124,1,9258
ENV1,IRRI 122,2,9259
ENV1,IR 93339:49-B-10-14-B-B-B-29,1,9260
ENV1,IR 110621-C1-C2-B-B-B-70-1,1,9260
ENV1,IR13N162,1,9261
ENV1,IR 96717-58-1-2-1,1,9261
ENV1,IR07A253,1,9263
ENV1,IR 110621-C1-C2-B-B-B-17-2,1,9263
ENV1,IR 110621-C1-C2-B-B-B-18-2,1,9263
ENV1,IR 93674-28-3-1-3-3,1,9264
ENV1,IR13A338,1,9266
ENV1,IR 103806-527-B RGA,1,9267
ENV1,IR09A133,2,9267
ENV1,IR 102884-193,1,9269
ENV1,IR06N211,2,9270
ENV1,IR09N474,2,9271
ENV1,IR13A512,1,9273
ENV1,IR10N276,2,9274
ENV1,IR 110621-C1-C2-B-B-B-26-2,1,9276
ENV1,IR10N105,1,9280
ENV1,IR 103806:267-B RGA,1,9287
ENV1,IR08A104,1,9289
ENV1,IR 95450-124-3-2-2,1,9289
ENV1,IR09A152,2,9291
ENV1,IR 103806:155-B RGA,1,9291
ENV1,IR 96834-38-3-2,1,9292
ENV1,IR 103806:291-B RGA,1,9293
ENV1,IR 93339:49-B-10-14-B-B-B-12,1,9302
ENV1,IR 110631-B-B-B-9-1,1,9305
ENV1,IR10N271,1,9311
ENV1,IR 110621-C1-C2-B-B-B-21-2,1,9312
ENV1,IR10A108,2,9314
ENV1,IR05N412,2,9316
ENV1,IR12N204,1,9318
ENV1,BR 28,1,9323
ENV1,IR 103806:119-B RGA,1,9324
ENV1,IR06A181,1,9336
ENV1,IR 103806-542-B RGA,1,9336
ENV1,IR07A260,1,9337
ENV1,IR 110633-C1-B-B-1-1,1,9337
ENV1,IR 103806:14-B RGA,1,9337
ENV1,IR 110611-B-B-B-16-1,1,9341
ENV1,IR13A215,1,9341
ENV1,IR10N225,1,9341
ENV1,IR10N269,1,9343
ENV1,IR 96847-20-1-3,1,9344
ENV1,IR 103806:146-B RGA,1,9345
ENV1,IR10N281,2,9350
ENV1,IR12N236,1,9353
ENV1,IR 110611-B-B-B-7-8,1,9355
ENV1,IR10M127,1,9358
ENV1,IR 103806:72-B RGA,1,9364
ENV1,IR13A149,1,9364
ENV1,IR13A257,1,9365
ENV1,IR 95519-39-3-2-1,1,9366
ENV1,IR05N359,1,9370
ENV1,IR 103806-546-B RGA,1,9372
ENV1,IR09N529,1,9375
ENV1,IR10N134,1,9376
ENV1,IR 110621-C1-C2-B-B-B-33-2,1,9378
ENV1,IR12A216,1,9380
ENV1,IR 103806:38-B RGA,1,9381
ENV1,IR 103806:294-B RGA,1,9381
ENV1,IR 110621-C1-C2-B-B-B-133-1,1,9382
ENV1,IR10N291,1,9384
ENV1,IR 110617-C1-B-B-B-2-1,1,9388
ENV1,IR 110611-B-B-B-4-1,1,9391
ENV1,IR 110621-C1-C2-B-B-B-6-1,1,9392
ENV1,IR06M143,1,9393
ENV1,IR13A110,1,9396
ENV1,IR 96764-94-2-3-2,1,9396
ENV1,IR09N534,1,9398
ENV1,IR 94090-74-1-1-2-B,2,9398
ENV1,IR 103806:75-B RGA,1,9404
ENV1,IR 95541-84-2-2-3,1,9406
ENV1,IR 110621-C1-C2-B-B-B-33-1,1,9407
ENV1,IR 94090-74-1-1-2-B,1,9416
ENV1,IR08A176,2,9418
ENV1,IR12A113,1,9418
ENV1,IR10N226,1,9419
ENV1,IR13N197,1,9420
ENV1,IR 110621-C1-C2-B-B-B-22-2,1,9425
ENV1,IR 82355-5-1-3,2,9428
ENV1,IR 96741-61-3-2-3,1,9428
ENV1,IR 95541-84-2-2-1,1,9429
ENV1,IR 110617-C1-B-B-B-4-1,1,9430
ENV1,IR 110637-B-B-1-1-2,1,9432
ENV1,IR 34,2,9433
ENV1,IR 93339:49-B-10-14-B-B-B-18,1,9435
ENV1,IR06A181,2,9438
ENV1,IR10N225,2,9440
ENV1,IR 93339:39-B-6-5-B-B-B-15,1,9441
ENV1,IR 96874-64-3-1-3,1,9441
ENV1,IR 93599-94-2-1-2-1,1,9442
ENV1,IR 110606-B-B-B-1-1,1,9443
ENV1,INIA TACUARI,2,9444
ENV1,IR 110611-B-B-B-23-1,1,9451
ENV1,IR 97280-68-3-2-1,1,9451
ENV1,IR 103806:311-B RGA,1,9453
ENV1,IR06A144,2,9462
ENV1,IR12A187,1,9467
ENV1,IR13N210,1,9469
ENV1,IR13A118,1,9474
ENV1,IR10N294,1,9479
ENV1,IR09N533,1,9481
ENV1,IR10N292,2,9484
ENV1,IR 103806-518-B RGA,1,9489
ENV1,IR 95511-57-3-3-3,1,9502
ENV1,IR10M126,1,9505
ENV1,IR 110608-B-B-B-1-1,1,9506
ENV1,IR 93683-5-2-2-1-1,1,9507
ENV1,IR09N542,1,9508
ENV1,IR10N272,2,9510
ENV1,IR10A152,1,9510
ENV1,IR12A293,1,9516
ENV1,IR09N516,2,9525
ENV1,IR 103806:299-B RGA,1,9527
ENV1,IR 103806-509-B RGA,1,9532
ENV1,IR 97225-22-3-2,1,9533
ENV1,IR 94101-71-3-2-1-B,2,9533
ENV1,IR 93339:29-B-7-7-B-B-B-1,1,9534
ENV1,IR08M101,1,9534
ENV1,IR 110621-C1-C2-B-B-B-25-2,1,9541
ENV1,IR09A235,2,9545
ENV1,IR 103806:26-B RGA,1,9546
ENV1,IR 110635-B-B-1-5,1,9547
ENV1,IR07A234,1,9549
ENV1,IR12A330,1,9551
ENV1,IR 103806:221-B RGA,1,9552
ENV1,IR 103806:138-B RGA,1,9554
ENV1,IR 110617-C1-B-B-B-9-1,1,9554
ENV1,IR05N221,1,9556
ENV1,IR09N534,2,9566
ENV1,IR 110612-B-B-B-1-1,1,9569
ENV1,IR 93339:39-B-6-5-B-B-B-24,1,9578
ENV1,IR10N292,1,9578
ENV1,IR 103806-505-B RGA,1,9580
ENV1,IR 110631-B-B-B-5-1,1,9581
ENV1,IR09N533,1,9589
ENV1,IR05N304,2,9594
ENV1,IR05N173,2,9595
ENV1,IR 96855-103-2-2,1,9595
ENV1,IR 110611-B-B-B-7-7,1,9598
ENV1,IR13A527,1,9602
ENV1,IR 93339:49-B-10-14-B-B-B-13,1,9603
ENV1,IR 102884-191,1,9606
ENV1,IR 110610-B-B-B-1-1,1,9610
ENV1,IR 110632-B-B-1-1,1,9610
ENV1,IR06M141,1,9610
ENV1,IR08N168,1,9616
ENV1,IR09N531,1,9618
ENV1,IR 103806-535-B RGA,1,9625
ENV1,IR 96836-19-2-2,1,9626
ENV1,WAB 56-125,2,9630
ENV1,IR 103806:174-B RGA,1,9630
ENV1,IR08N210,1,9632
ENV1,IR 103806-526-B RGA,1,9634
ENV1,IR13N142,1,9635
ENV1,IR 93339:11-B-23-16-B-B-B-11,1,9640
ENV1,IR 110621-C1-C2-B-B-B-27-1,1,9640
ENV1,IR07N201,1,9642
ENV1,IR09N260,1,9647
ENV1,IR 96730-36-3-1-3,1,9649
ENV1,IR 110621-C1-C2-B-B-B-9-1,1,9653
ENV1,IR 97305-22-2-3,1,9655
ENV1,IR 97288-86-1-2,1,9660
ENV1,IR08A162,2,9661
ENV1,IR07A260,2,9664
ENV1,IR09A235,1,9669
ENV1,IR10N293,1,9671
ENV1,IR08A176,1,9672
ENV1,IR01W105,2,9675
ENV1,IR 97305-22-2-1,1,9675
ENV1,IR13N150,1,9676
ENV1,IR13A245,1,9676
ENV1,IR 95450-69-1-2-3,1,9677
ENV1,IR 110611-B-B-B-32-1,1,9679
ENV1,IR10N270,2,9680
ENV1,IR 110621-C1-C2-B-B-B-8-2,1,9684
ENV1,IR05N412,1,9685
ENV1,IR06M150,1,9685
ENV1,IR 110628-B-B-B-3-2,1,9685
ENV1,IR08N136,1,9688
ENV1,IR 103806-511-B RGA,1,9690
ENV1,IR06N155,2,9694
ENV1,IR08A162,1,9698
ENV1,IR 103806-563-B RGA,1,9700
ENV1,IR 93339:39-B-6-5-B-B-B-45,1,9703
ENV1,IR06M143,2,9711
ENV1,IR13A231,1,9713
ENV1,IR10M128,1,9714
ENV1,IR10N285,1,9715
ENV1,IR05N496,2,9724
ENV1,IR13N215,1,9737
ENV1,IR 103806-521-B RGA,1,9738
ENV1,IR 103806-522-B RGA,1,9743
ENV1,IR06N183,1,9747
ENV1,IR10M115,1,9748
ENV1,IR10N240,1,9751
ENV1,IR09A228,2,9757
ENV1,IR 110631-B-B-B-11-2,1,9758
ENV1,IR09N508,1,9760
ENV1,IR 96834-78-1-1,1,9762
ENV1,IR 103806:290-B RGA,1,9763
ENV1,IR 103806:39-B RGA,1,9767
ENV1,IR 110621-C1-C2-B-B-B-25-1,1,9777
ENV1,IR05N359,2,9791
ENV1,IR13N219,1,9794
ENV1,IR08M113,1,9795
ENV1,IR10N276,1,9797
ENV1,IR06N183,2,9798
ENV1,IR06N155,1,9801
ENV1,IR 110636-B-B-2-2,1,9805
ENV1,IR 103806:255-B RGA,1,9810
ENV1,IR 110611-B-B-B-12-1,1,9812
ENV1,IR 95515-76-3-1-2,1,9813
ENV1,IR13A256,1,9823
ENV1,IR 110621-C1-C2-B-B-B-20-1,1,9828
ENV1,IR01W105,1,9833
ENV1,IR10N298,1,9837
ENV1,IR 110627-B-B-B-3-2,1,9838
ENV1,IR 110621-C1-C2-B-B-B-191-1,1,9845
ENV1,IRRI 117,2,9847
ENV1,IR 110631-B-B-B-3-1,1,9848
ENV1,IRRI 136,1,9850
ENV1,IR10N237,2,9851
ENV1,IR10N146,2,9851
ENV1,IR 97257-35-2-2,1,9855
ENV1,IR 110621-C1-C2-B-B-B-5-1,1,9858
ENV1,IR 96717-58-1-2-2,1,9858
ENV1,IR 110621-C1-C2-B-B-B-193-1,1,9861
ENV1,IR 95515-76-3-1-3,1,9863
ENV1,IR13N139,1,9865
ENV1,IR 103806:293-B RGA,1,9865
ENV1,MTU 1010,1,9866
ENV1,IR 93683-86-3-2-2-1,1,9866
ENV1,IR 110631-B-B-B-6-1,1,9868
ENV1,IR 103806:11-B RGA,1,9871
ENV1,IR13N115,1,9871
ENV1,IR 110617-C1-B-B-B-1-2,1,9872
ENV1,IR 103806-537-B RGA,1,9877
ENV1,IR 110621-C1-C2-B-B-B-15-1,1,9882
ENV1,IR 93683-86-3-2-2-2,1,9885
ENV1,IR 95519-39-3-2-3,1,9885
ENV1,IR 110621-C1-C2-B-B-B-66-2,1,9886
ENV1,IR 110611-B-B-B-12-2,1,9891
ENV1,IR13A152,1,9896
ENV1,IR 96756-84-3-2,1,9896
ENV1,IR06M146,1,9898
ENV1,IR 97225-147-2-2,1,9898
ENV1,IRRI 151,2,9899
ENV1,IR 93339:11-B-23-16-B-B-B-14,1,9904
ENV1,IR 96843-106-1-1,1,9905
ENV1,IR 110621-C1-C2-B-B-B-67-1,1,9911
ENV1,IR05N412,2,9912
ENV1,IR13N134,2,9916
ENV1,IR 93339:39-B-6-5-B-B-B-17,1,9931
ENV1,IR10A121,2,9940
ENV1,IR 93674-28-3-1-3-2,1,9942
ENV1,IR11A303,2,9946
ENV1,IR08A104,2,9948
ENV1,IR 93339:11-B-23-16-B-B-B-7,1,9951
ENV1,IR13A526,1,9969
ENV1,IR 103806-552-B RGA,1,9972
ENV1,IR 96834-38-3-3,1,9979
ENV1,IR 110612-B-B-B-1-2,1,9980
ENV1,IR09N142,1,9980
ENV1,COLOMBIA XXI,2,9983
ENV1,IR10N266,1,9990
ENV1,IR 110617-C1-B-B-B-16-1,1,9993
ENV1,IR 110621-C1-C2-B-B-B-66-3,1,9993
ENV1,IR 110611-B-B-B-11-1,1,9994
ENV1,IR 96842-58-2-1,1,10009
ENV1,IR 96840-23-3-1,1,10021
ENV1,IR 94077-97-3-3-1-1,1,10021
ENV1,IR06N155,2,10025
ENV1,IR 110617-C1-B-B-B-1-1,1,10027
ENV1,IR 93674-28-3-1-3-1,1,10030
ENV1,IR 103806-536-B RGA,1,10037
ENV1,IR 103806-517-B RGA,1,10043
ENV1,IR 93683-5-2-2-1-2,1,10045
ENV1,IR10A239,1,10047
ENV1,IR 110621-C1-C2-B-B-B-133-1,1,10050
ENV1,IR 110621-C1-C2-B-B-B-8-3,1,10051
ENV1,IR13A214,1,10052
ENV1,IR 95450-69-1-2-1,1,10054
ENV1,IR 110621-C1-C2-B-B-B-140-1,1,10056
ENV1,IR10N303,1,10059
ENV1,IR 93339:29-B-7-7-B-B-B-21,1,10061
ENV1,IR 96756-84-3-1,1,10063
ENV1,IR10N236,1,10065
ENV1,IR 93339:39-B-6-5-B-B-B-26,1,10069
ENV1,IR 110621-C1-C2-B-B-B-8-4,1,10071
ENV1,IR06N155,1,10077
ENV1,IR 95503-83-1-3-1-1,1,10078
ENV1,IR00W102,1,10082
ENV1,IR09A228,2,10085
ENV1,IR 103806-551-B RGA,1,10085
ENV1,IR12A311,1,10089
ENV1,IR05N173,1,10092
ENV1,IR10M239,1,10093
ENV1,IR 110611-B-B-B-15-1,1,10106
ENV1,IR 103806-534-B RGA,1,10107
ENV1,IR 95945-37-3-2-3,1,10109
ENV1,IR 96856-97-3-1,1,10109
ENV1,IR13N138,1,10113
ENV1,IR 110617-C1-B-B-B-1-1,1,10132
ENV1,IR 110611-B-B-B-20-1,1,10137
ENV1,IR 110621-C1-C2-B-B-B-42-1,1,10147
ENV1,IR13A146,1,10147
ENV1,IR 110626-B-B-B-2-2,1,10149
ENV1,IR 96851-125-3-1,1,10161
ENV1,IR 93339:39-B-6-5-B-B-B-39,1,10172
ENV1,IR10A134,2,10172
ENV1,IR 110636-B-B-3-2,1,10179
ENV1,IR 110631-B-B-B-11-1,1,10189
ENV1,IR12N206,1,10190
ENV1,IR07N201,2,10198
ENV1,IR09A220,1,10199
ENV1,IR 110621-C1-C2-B-B-B-49-1,1,10200
ENV1,IR 103806-512-B RGA,1,10203
ENV1,IR 94077-97-3-3-1-2,1,10204
ENV1,IR 96840-70-2-1,1,10205
ENV1,IR10N146,1,10212
ENV1,IR 110637-B-B-1-1-1,1,10213
ENV1,IR 96836-19-2-1,1,10214
ENV1,IR06M143,1,10216
ENV1,IR 110621-C1-C2-B-B-B-16-1,1,10223
ENV1,IR 103806-525-B RGA,1,10225
ENV1,IR 110617-C1-B-B-B-7-2,1,10226
ENV1,IR13N134,1,10228
ENV1,IR 96864-73-3-2,1,10229
ENV1,IR 103806:321-B RGA,1,10238
ENV1,IR10A121,1,10242
ENV1,IR 96717-58-1-2-3,1,10251
ENV1,IR 110611-B-B-B-23-2,1,10255
ENV1,IR 96851-125-3-2,1,10258
ENV1,IR 97304-5-3-1,1,10259
ENV1,IR 94101-26-3-3-2-1,1,10262
ENV1,IR13A438,1,10264
ENV1,IR 97304-24-3-3,1,10264
ENV1,IR 97326-1-3-2-1,1,10267
ENV1,IR08N136,2,10268
ENV1,IRRI 120,1,10271
ENV1,IR 110621-C1-C2-B-B-B-14-1,1,10274
ENV1,IR13N160,1,10275
ENV1,IR09A224,1,10284
ENV1,IR 110631-B-B-B-7-1,1,10289
ENV1,IR 96730-36-3-1-2,1,10297
ENV1,IR 103806:309-B RGA,1,10307
ENV1,IR09A225,2,10324
ENV1,IR 110617-C1-B-B-B-8-1,1,10328
ENV1,IR09A224,2,10329
ENV1,IR 110611-B-B-B-25-1,1,10337
ENV1,IR 96764-94-2-3-1,1,10343
ENV1,IR 97233-70-1-2,1,10346
ENV1,IR 103806-555-B RGA,1,10348
ENV1,IR 93339:29-B-7-7-B-B-B-9,1,10358
ENV1,IR 103806:251-B RGA,1,10360
ENV1,IR 110617-C1-B-B-B-12-3,1,10365
ENV1,IR13N157,1,10374
ENV1,IR 95928-54-3-2-3-1,1,10374
ENV1,IR 110621-C1-C2-B-B-B-1-3,1,10375
ENV1,IR 110611-B-B-B-22-1,1,10379
ENV1,IR10A134,1,10399
ENV1,IR 110614-C1-B-B-B-1-1,1,10399
ENV1,IR 93339:29-B-7-7-B-B-B-37,1,10401
ENV1,IR10A107,1,10403
ENV1,IR 97288-86-1-3,1,10404
ENV1,IR 110610-B-B-B-1-3,1,10409
ENV1,IR 93339:39-B-6-5-B-B-B-22,1,10413
ENV1,IR 97304-24-3-2,1,10419
ENV1,IR 97288-86-1-1,1,10420
ENV1,IR 93339:39-B-6-5-B-B-B-29,1,10421
ENV1,IR 96864-73-3-1,1,10438
ENV1,IR 93339:29-B-7-7-B-B-B-38,1,10439
ENV1,IR 110621-C1-C2-B-B-B-17-1,1,10450
ENV1,IR 110616-C1-B-B-B-1-1,1,10457
ENV1,IR13A422,1,10470
ENV1,IR13A138,1,10475
ENV1,IR10N237,1,10480
ENV1,IR09A181,1,10485
ENV1,IR 103806:280-B RGA,1,10500
ENV1,IR08N134,1,10510
ENV1,IR 95450-69-1-2-2,1,10523
ENV1,IR 110617-C1-B-B-B-10-1,1,10529
ENV1,IR 95450-124-3-2-3,1,10545
ENV1,IR 93684-125-2-1-3-1,1,10556
ENV1,IR 110617-C1-B-B-B-15-4,1,10558
ENV1,IR09N274,2,10562
ENV1,IR 103806:127-B RGA,1,10569
ENV1,IR 110621-C1-C2-B-B-B-14-1,1,10578
ENV1,IR 103806-543-B RGA,1,10585
ENV1,IR 93696-38-1-2-2-B,2,10590
ENV1,IR 93339:39-B-6-5-B-B-B-37,1,10596
ENV1,IR10N230,1,10610
ENV1,IR 93339:39-B-6-5-B-B-B-31,1,10616
ENV1,IR 110615-C1-B-B-B-1-1,1,10629
ENV1,IR 96855-72-1-2,1,10631
ENV1,IR10N236,2,10654
ENV1,IR 93339:29-B-7-7-B-B-B-18,1,10659
ENV1,IR09A130,1,10669
ENV1,IR 110621-C1-C2-B-B-B-19-1,1,10676
ENV1,IR09M120,1,10713
ENV1,IR 110621-C1-C2-B-B-B-22-1,1,10713
ENV1,IR03A568,1,10718
ENV1,IR 110611-B-B-B-11-2,1,10718
ENV1,IR 110629-B-B-B-1-1,1,10718
ENV1,IR13A523,1,10756
ENV1,IR 95475-71-3-1-2-B,2,10763
ENV1,IR04A428,1,10772
ENV1,IR 110621-C1-C2-B-B-B-26-1,1,10782
ENV1,IR 93339:29-B-7-7-B-B-B-19,1,10783
ENV1,IR 93339:39-B-6-5-B-B-B-47,1,10783
ENV1,IRRI 119,1,10786
ENV1,IR 95450-124-3-2-1,1,10790
ENV1,IR10A134,2,10797
ENV1,IR 93339:29-B-7-7-B-B-B-28,1,10803
ENV1,IR09N503,2,10816
ENV1,IR 110631-B-B-B-2-1,1,10876
ENV1,IR 110611-B-B-B-26-2,1,10883
ENV1,IR 110631-B-B-B-10-1,1,10896
ENV1,IR 93339:39-B-6-5-B-B-B-14,1,10900
ENV1,IR 93339:29-B-7-7-B-B-B-12,1,10939
ENV1,IR 110637-B-B-2-1-1,1,10946
ENV1,IR 110612-B-B-B-1-3,1,10950
ENV1,IR 110621-C1-C2-B-B-B-142-1,1,10982
ENV1,IR08N134,2,10991
ENV1,IR 110617-C1-B-B-B-4-2,1,11010
ENV1,IR 103806:288-B RGA,1,11032
ENV1,IR 110621-C1-C2-B-B-B-21-1,1,11048
ENV1,IR 110611-B-B-B-2-3,1,11053
ENV1,IR 103806-550-B RGA,1,11106
ENV1,IR 97304-24-3-1,1,11119
ENV1,IR 110621-C1-C2-B-B-B-27-2,1,11122
ENV1,IR 110621-C1-C2-B-B-B-18-1,1,11159
ENV1,IR 110621-C1-C2-B-B-B-12-2,1,11192
ENV1,IR10A135,1,11208
ENV1,IR 93339:39-B-6-5-B-B-B-1,1,11235
ENV1,IR 40,2,11279
ENV1,IR 93339:29-B-7-7-B-B-B-8,1,11288
ENV1,IR 93339:29-B-7-7-B-B-B-16,1,11348
ENV1,IR 93339:29-B-7-7-B-B-B-36,1,11395
ENV1,IR 110621-C1-C2-B-B-B-29-1,1,11410
ENV1,IR 93339:39-B-6-5-B-B-B-35,1,11426
ENV1,IR 93339:39-B-6-5-B-B-B-27,1,11431
ENV1,IR 93339:29-B-7-7-B-B-B-6,1,11528
ENV1,IR 96864-73-3-3,1,11557
ENV1,IR10A135,2,11620
ENV1,IR 110631-B-B-B-8-1,1,11629
ENV1,IR 93336:10-B-18-15-B-B-B-2,1,11655
ENV1,IR 93336:10-B-18-15-B-B-B-3,1,11718
ENV1,IR 93336:10-B-18-15-B-B-B-1,1,11963
ENV1,IR 93339:29-B-7-7-B-B-B-42,1,12027
ENV1,IR 93339:39-B-6-5-B-B-B-16,1,12084
ENV1,IR 110621-C1-C2-B-B-B-14-2,1,12232
ENV1,IR 93339:29-B-7-7-B-B-B-47,1,12380
ENV1,IRRI 119,2,12554
ENV1,IR 110621-C1-C2-B-B-B-121-1,1,12627
ENV1,IR 93339:39-B-6-5-B-B-B-25,1,12664
ENV1,IR 93339:39-B-6-5-B-B-B-4,1,12752
ENV1,IR07A257,1,10000
ENV1,IR09N514,1,10000
ENV1,IR03A290,1,10000
ENV1,IR 93339:39-B-6-5-B-B-B-10,1,10000
ENV1,IR08A172,1,10000
ENV1,IR08N133,2,10000
ENV1,IR10N118,1,10000
ENV1,IR 103806:21-B RGA,1,10000
ENV1,IR 110635-B-B-1-3,1,10000
ENV1,IR06M138,1,10000
ENV1,IR 96840-70-2-2,1,10000
